VariantID,UniprotID,PDBID,Type,Chain,Secondary_structure,Solvent_accessibility,DTm
14,Q9H251,2kbr,PDB_code,B,H,49.76,-2.43
21,P23352,1zlg,PDB_code,A,S,49.16,-0.24
22,P11362,1cvs,PDB_code,C,E,16.68,-3.6
24,P11362,1agw,PDB_code,A,T,69.69,-0.63
27,P23352,1zlg,PDB_code,A,S,31.35,-0.27
33,Q9UDY2,2csjA,Modbase_model,NA,E,11.47,-7.17
39,Q99497,1p5f,PDB_code,A,T,92.24,0.21
43,Q16678,3pm0,PDB_code,A,S,37.88,-0.74
44,Q99972,4wxq,PDB_code,A,T,1.98,-5.56
54,P02679,2oyi,PDB_code,C,E,0.49,-6.61
56,Q07837,3wy2A,Modbase_model,NA,H,44.55,-1.29
59,Q07837,3wy2A,Modbase_model,NA,C,0,-1.31
62,O75197,4dg6A,Modbase_model,NA,E,18.06,-0.9
63,P81172,3h0t,PDB_code,C,S,74.73,-4
66,P02545,1x8y,PDB_code,A,H,43.49,-0.77
69,P36551,2aex,PDB_code,A,E,0.45,-4.21
70,P13716,1e51,PDB_code,A,S,50.1,-0.97
78,P02533,3tnu,PDB_code,A,H,53,-2.33
80,P12259,1fv4,PDB_code,H,C,99.58,-0.35
84,Q30201,1a6z,PDB_code,A,E,0,-3.93
87,P15382,2k21,PDB_code,A,C,95.39,-2.23
89,P15382,2k21,PDB_code,A,T,90.38,-0.8
93,P15382,2k21,PDB_code,A,C,52.44,-0.24
95,Q12809,4l11A,Modbase_model,NA,E,45.64,-1.57
98,Q12809,1ujl,PDB_code,A,H,87.21,-0.97
101,P15382,2k21,PDB_code,A,G,86.03,0.24
107,Q14524,4dck,PDB_code,A,H,26.74,-0.52
108,Q12809,2l1m,PDB_code,A,C,42.07,-2.6
109,Q9Y6J6,2m0q,PDB_code,A,H,63.12,-0.61
175,Q3SYG4,4yd8,PDB_code,A,S,65.56,-0.24
180,Q9H0F7,2h57,PDB_code,A,H,18.71,-2.07
187,Q9Y5K6,3aa6,PDB_code,C,C,15.52,-1.27
200,Q13651,1j7v,PDB_code,R,H,40.58,-1.71
203,Q92838,1rj7,PDB_code,A,E,0,-2.55
205,Q99707,2o2k,PDB_code,A,C,2.47,1.99
208,Q92838,1rj7,PDB_code,A,S,44.52,-2.03
210,Q92838,1rj7,PDB_code,A,E,0.17,-4.74
215,Q9UM54,2bki,Experimental,A,H,0,-1.57
217,P23786,2debA,Modbase_model,NA,H,12.85,0.25
219,P11362,2cr3,PDB_code,A,C,49.58,-0.48
221,P23352,1zlg,PDB_code,A,C,35.99,-0.71
223,P11362,1cvs,PDB_code,C,E,0,-12.6
227,P11362,1cvs,PDB_code,C,C,0,-3.21
228,P23352,1zlg,PDB_code,A,S,48.43,-0.27
256,Q13402,3pvlA,Modbase_model,NA,C,24.37,-1.22
267,P11362,1cvs,PDB_code,C,C,13.23,-0.95
271,P11362,1agw,PDB_code,A,H,0.47,-3.96
274,Q16828,1mkp,PDB_code,A,T,68.56,0.2
275,P11362,1agw,PDB_code,A,E,63.99,-0.91
276,P11362,1agw,PDB_code,A,H,10.65,-0.75
277,Q9NZU0,5cmn,PDB_code,A,C,35.34,-0.75
293,P23352,1zlg,PDB_code,A,C,26.34,-0.26
296,P14222,3nsjA,Modbase_model,NA,E,0,-0.05
298,P14222,3nsjA,Modbase_model,NA,T,6.33,0.08
300,P14222,3nsjA,Modbase_model,NA,H,28.98,-0.32
305,P14222,3nsjA,Modbase_model,NA,S,71.07,-0.71
313,P14222,3nsjA,Modbase_model,NA,T,0,-3.09
315,Q15833,4cca,PDB_code,A,H,2.91,0.44
316,P14222,3nsjA,Modbase_model,NA,H,8.51,-3.34
317,Q15833,4cca,PDB_code,A,C,48.9,-0.31
318,Q15833,4cca,PDB_code,A,H,12.52,-0.34
320,Q15833,4cca,PDB_code,A,H,39.68,0.21
323,Q15833,4cca,PDB_code,A,S,1.25,-2.6
325,O75558,4jehB,Modbase_model,NA,H,71.99,-0.66
326,Q15833,4cca,PDB_code,A,E,1.13,-0.76
328,P51159,3bc1,Experimental,A,E,0.09,-7.7
330,P11362,1agw,PDB_code,A,H,0,-3.86
342,P12883,2fxm,PDB_code,A,H,61.72,-1.02
345,P14923,3ifq,PDB_code,A,H,8.9,-0.48
347,P14923,3ifq,PDB_code,A,S,13.83,-1.86
350,Q13873,3g2f,PDB_code,A,S,5.43,0.47
369,P15924,3r6n,PDB_code,A,H,0.35,-1.44
