VariantID,UniprotID,PDBID,Type,Chain,Secondary_structure,Solvent_accessibility,DDG
14,Q9H251,2kbr,PDB_code,B,H,49.76,0.53
21,P23352,1zlg,PDB_code,A,S,49.16,0.41
22,P11362,1cvs,PDB_code,C,E,16.68,1.92
24,P11362,1agw,PDB_code,A,T,69.69,0.09
27,P23352,1zlg,PDB_code,A,S,31.35,0.33
33,Q9UDY2,2csjA,Modbase_model,NA,E,11.47,2.67
39,Q99497,1p5f,PDB_code,A,T,92.24,-0.45
43,Q16678,3pm0,PDB_code,A,S,37.88,0.36
44,Q99972,4wxq,PDB_code,A,T,1.98,2.39
54,P02679,2oyi,PDB_code,C,E,0.49,2.7
56,Q07837,3wy2A,Modbase_model,NA,H,44.55,0.73
59,Q07837,3wy2A,Modbase_model,NA,C,0,-0.02
62,O75197,4dg6A,Modbase_model,NA,E,18.06,0.87
63,P81172,3h0t,PDB_code,C,S,74.73,0.35
66,P02545,1x8y,PDB_code,A,H,43.49,0.4
69,P36551,2aex,PDB_code,A,E,0.45,1.88
70,P13716,1e51,PDB_code,A,S,50.1,0.51
78,P02533,3tnu,PDB_code,A,H,53,0.41
80,P12259,1fv4,PDB_code,H,C,99.58,-0.2
84,Q30201,1a6z,PDB_code,A,E,0,1.58
87,P15382,2k21,PDB_code,A,C,95.39,0.02
89,P15382,2k21,PDB_code,A,T,90.38,0.11
93,P15382,2k21,PDB_code,A,C,52.44,0.18
95,Q12809,4l11A,Modbase_model,NA,E,45.64,0.34
98,Q12809,1ujl,PDB_code,A,H,87.21,-0.18
101,P15382,2k21,PDB_code,A,G,86.03,-0.26
107,Q14524,4dck,PDB_code,A,H,26.74,0.13
108,Q12809,2l1m,PDB_code,A,C,42.07,0.61
109,Q9Y6J6,2m0q,PDB_code,A,H,63.12,0.02
175,Q3SYG4,4yd8,PDB_code,A,S,65.56,0.01
180,Q9H0F7,2h57,PDB_code,A,H,18.71,0.94
187,Q9Y5K6,3aa6,PDB_code,C,C,15.52,0.34
200,Q13651,1j7v,PDB_code,R,H,40.58,0.66
203,Q92838,1rj7,PDB_code,A,E,0,1.18
205,Q99707,2o2k,PDB_code,A,C,2.47,-0.44
208,Q92838,1rj7,PDB_code,A,S,44.52,0.99
210,Q92838,1rj7,PDB_code,A,E,0.17,1.18
215,Q9UM54,2bki,Experimental,A,H,0,1.24
217,P23786,2debA,Modbase_model,NA,H,12.85,-0.22
219,P11362,2cr3,PDB_code,A,C,49.58,-0.14
221,P23352,1zlg,PDB_code,A,C,35.99,0.63
223,P11362,1cvs,PDB_code,C,E,0,5.13
227,P11362,1cvs,PDB_code,C,C,0,1.29
228,P23352,1zlg,PDB_code,A,S,48.43,0.18
256,Q13402,3pvlA,Modbase_model,NA,C,24.37,0.61
267,P11362,1cvs,PDB_code,C,C,13.23,0.66
271,P11362,1agw,PDB_code,A,H,0.47,1.5
274,Q16828,1mkp,PDB_code,A,T,68.56,-0.02
275,P11362,1agw,PDB_code,A,E,63.99,0.18
276,P11362,1agw,PDB_code,A,H,10.65,0.89
277,Q9NZU0,5cmn,PDB_code,A,C,35.34,0.37
293,P23352,1zlg,PDB_code,A,C,26.34,0.43
296,P14222,3nsjA,Modbase_model,NA,E,0,-0.2
298,P14222,3nsjA,Modbase_model,NA,T,6.33,0.24
300,P14222,3nsjA,Modbase_model,NA,H,28.98,0.57
305,P14222,3nsjA,Modbase_model,NA,S,71.07,0.02
313,P14222,3nsjA,Modbase_model,NA,T,0,1.53
315,Q15833,4cca,PDB_code,A,H,2.91,0.38
316,P14222,3nsjA,Modbase_model,NA,H,8.51,2.93
317,Q15833,4cca,PDB_code,A,C,48.9,0.07
318,Q15833,4cca,PDB_code,A,H,12.52,0.9
320,Q15833,4cca,PDB_code,A,H,39.68,0.08
323,Q15833,4cca,PDB_code,A,S,1.25,1.58
325,O75558,4jehB,Modbase_model,NA,H,71.99,0.4
326,Q15833,4cca,PDB_code,A,E,1.13,0.14
328,P51159,3bc1,Experimental,A,E,0.09,2.38
330,P11362,1agw,PDB_code,A,H,0,1.55
342,P12883,2fxm,PDB_code,A,H,61.72,0.13
345,P14923,3ifq,PDB_code,A,H,8.9,0.62
347,P14923,3ifq,PDB_code,A,S,13.83,1.09
350,Q13873,3g2f,PDB_code,A,S,5.43,0.2
369,P15924,3r6n,PDB_code,A,H,0.35,0.9
